{"美国":[-95.665173,37.156536],"日本":[138.254649,36.209716],"新加坡":[103.866979,1.360474],"泰国":[100.99829,15.876988],"韩国":[127.754849,35.907991],"澳大利亚":[133.8493,-25.256884],"马来西亚":[102.006236,4.203268],"德国":[10.480847,51.15647],"越南":[108.33699,14.069269],"法国":[2.264917,46.227036],"加拿大":[-106.336423,56.10997],"阿联酋":[53.822522,23.414791],"菲律宾":[121.774592,12.828667],"英国":[-3.429074,55.359878],"印度":[78.938734,20.583126],"俄罗斯":[105.302658,61.528214],"斯里兰卡":[80.746501,7.872767],"西班牙":[-3.713575,40.43358],"柬埔寨":[105.00821,12.60154],"芬兰":[25.730904,61.929931],"比利时":[4.44464,50.454909],"尼泊尔":[84.100716,28.332235],"瑞典":[18.659599,60.107176],"意大利":[12.49839,41.891489],"恩施州":[109.491143,30.286422],"安阳市":[114.398353,36.10454],"漯河市":[114.023419,33.588191],"湘西自治州":[114.023419,33.588191],"甘孜州":[101.968547,30.055279],"凉山州":[102.272415,27.888538],"阿坝州":[101.521135,27.429253],"大兴安岭":[124.150627,50.420761],"西双版纳":[100.801143,22.019498],"大理":[100.263804,25.596015],"红河州":[100.282436,25.578596],"德宏州":[98.580588,24.433427],"楚雄州":[101.543103,25.048983],"文山州":[104.253973,23.374841],"琼海市":[110.479395,19.264254],"昌江":[109.060164,19.278885],"东方市":[108.656267,19.101652],"黔南州":[107.545646,26.250181],"黔东南州":[107.985423,26.584018],"黔西南州":[104.91134,25.099204],"临夏":[103.21524,35.602397],"甘南州":[103.224439,35.59958],"延边州":[129.522117,42.91337],"公主岭":[124.820826,43.508321],"伊犁州":[81.325943,43.923553],"昌吉州":[87.30688,44.015801],"香港":[114.171177,22.282885],"海北州":[100.891022,36.946706],"台湾":[120.656973,24.171104],"澳门":[120.656973,24.171104],"巴彦淖尔":[107.416959,40.757402],"乌海":[106.825563,39.673734],"包头":[109.840405,40.658168],"呼伦贝尔":[119.758168,49.215333],"鄂尔多斯":[109.99029,39.817179],"阿拉善盟":[105.706422,38.844814],"通辽":[122.263119,43.617429],"兴安盟":[122.070317,46.076268],"锡林郭勒盟":[116.090996,43.944018],"呼和浩特":[111.670801,40.818311],"赤峰":[118.956806,42.275317],"乌兰察布":[113.114543,41.034126],"三门峡":[111.194099,34.777338],"洛阳":[112.434468,34.663041],"许昌":[113.826063,34.022956],"南阳":[112.540918,32.999082],"漯河":[114.026405,33.575855],"信阳":[114.075031,32.123274],"驻马店":[114.024736,32.980169],"焦作":[113.238266,35.23904],"濮阳":[115.041299,35.768234],"济源":[112.590047,35.090378],"鹤壁":[114.295444,35.748236],"新乡":[113.883991,35.302616],"平顶山":[113.307718,33.735241],"周口":[114.649653,33.620357],"安阳":[114.352482,36.103442],"郑州":[113.665412,34.757975],"开封":[114.341447,34.797049],"商丘":[115.650497,34.437054],"肇庆":[112.472529,23.051546],"佛山":[113.122717,23.028762],"汕头":[116.708463,23.37102],"惠州":[114.412599,23.079404],"深圳":[114.085947,22.547],"珠海":[113.553986,22.224979],"湛江":[110.364977,21.274898],"阳江":[111.975107,21.859222],"汕尾":[115.364238,22.774485],"潮州":[116.632301,23.661701],"江门":[113.094942,22.590431],"云浮":[112.044439,22.929801],"东沙群岛":[116.887312,20.617512],"茂名":[110.919229,21.659751],"河源":[114.697802,23.746266],"梅州":[116.117582,24.299112],"东莞":[113.746262,23.046237],"揭阳":[116.355733,23.543778],"清远":[113.051227,23.685022],"韶关":[113.591544,24.801322],"广州":[113.280637,23.125178],"中山":[113.382391,22.521113],"大兴安岭地区":[124.711526,52.335262],"鹤岗":[130.277487,47.332085],"七台河":[131.015584,45.771266],"伊春":[128.899396,47.724775],"哈尔滨":[126.642464,45.756967],"齐齐哈尔":[123.95792,47.342081],"绥化":[126.99293,46.637393],"黑河":[127.499023,50.249585],"牡丹江":[129.618602,44.582962],"大庆":[125.11272,46.590734],"佳木斯":[130.361634,46.809606],"双鸭山":[131.157304,46.643442],"鸡西":[130.975966,45.300046],"北屯":[87.824932,47.353177],"双河":[82.353656,44.840524],"铁门关":[85.501218,41.827251],"博尔塔拉蒙古自治州":[82.074778,44.903258],"和田地区":[79.92533,37.110687],"塔城地区":[82.985732,46.746301],"石河子":[86.041075,44.305886],"阿勒泰地区":[88.13963,47.848393],"可克达拉":[80.63579,43.6832],"克拉玛依":[84.873946,45.595886],"昆玉":[79.287372,37.207994],"昌吉回族自治州":[87.304012,44.014577],"乌鲁木齐":[87.617733,43.792818],"巴音郭楞蒙古自治州":[86.150969,41.768552],"阿拉尔":[81.285884,40.541914],"五家渠":[87.526884,44.167401],"伊犁哈萨克自治州":[81.317946,43.92186],"克孜勒苏柯尔克孜自治州":[76.172825,39.713431],"喀什地区":[75.989138,39.467664],"图木舒克":[79.077978,39.867316],"阿克苏地区":[80.265068,41.170712],"哈密":[93.51316,42.833248],"吐鲁番":[89.184078,42.947613],"武汉":[114.298572,30.584355],"孝感":[113.926655,30.926423],"黄冈":[114.879365,30.447711],"荆门":[112.204251,31.03542],"十堰":[110.787916,32.646907],"宜昌":[111.290843,30.702636],"天门":[113.165862,30.653061],"襄阳":[112.144146,32.042426],"仙桃":[113.453974,30.364953],"潜江":[112.896866,30.421215],"荆州":[112.23813,30.326857],"随州":[113.37377,31.717497],"恩施土家族苗族自治州":[109.48699,30.283114],"咸宁":[114.328963,29.832798],"神农架林区":[110.671525,31.744449],"鄂州":[114.890593,30.396536],"黄石":[115.077048,30.220074],"大连":[121.618622,38.91459],"葫芦岛":[120.856394,40.755572],"丹东":[124.383044,40.124296],"锦州":[121.135742,41.119269],"阜新":[121.648962,42.011796],"沈阳":[123.429096,41.796767],"抚顺":[123.921109,41.875956],"营口":[122.235151,40.667432],"铁岭":[123.844279,42.290585],"盘锦":[122.06957,41.124484],"本溪":[123.770519,41.297909],"辽阳":[123.18152,41.269402],"鞍山":[122.995632,41.110626],"朝阳":[120.451176,41.576758],"烟台":[121.391382,37.539297],"青岛":[120.355173,36.082982],"威海":[122.116394,37.509691],"聊城":[115.980367,36.456013],"淄博":[118.047648,36.814939],"临沂":[118.326443,35.065282],"潍坊":[119.107078,36.70925],"滨州":[118.016974,37.383542],"日照":[119.461208,35.428588],"东营":[118.66471,37.434564],"泰安":[117.129063,36.194968],"菏泽":[115.469381,35.246531],"济宁":[116.587245,35.415393],"济南":[117.000923,36.675807],"枣庄":[117.557964,34.856424],"德州":[116.307428,37.453968],"连云港":[119.178821,34.600018],"南京":[118.767413,32.041544],"宿迁":[118.275162,33.963008],"南通":[120.864608,32.016212],"淮安":[119.021265,33.597506],"无锡":[120.301663,31.574729],"常州":[119.946973,31.772752],"苏州":[120.619585,31.299379],"徐州":[117.184811,34.261792],"扬州":[119.421003,32.393159],"泰州":[119.915176,32.484882],"盐城":[120.139998,33.377631],"镇江":[119.452753,32.204402],"商洛":[109.939776,33.868319],"西安":[108.948024,34.263161],"安康":[109.029273,32.6903],"汉中":[107.028621,33.077668],"铜川":[108.979608,34.916582],"榆林":[109.741193,38.290162],"咸阳":[108.705117,34.333439],"延安":[109.49081,36.596537],"渭南":[109.502882,34.499381],"宝鸡":[107.14487,34.369315],"上海":[121.472644,31.231706],"六盘水":[104.846743,26.584643],"铜仁":[109.191555,27.718346],"遵义":[106.937265,27.706626],"黔南布依族苗族自治州":[107.517156,26.258219],"毕节":[105.28501,27.301693],"黔东南苗族侗族自治州":[107.977488,26.583352],"安顺":[105.932188,26.245544],"黔西南布依族苗族自治州":[104.897971,25.08812],"贵阳":[106.713478,26.578343],"重庆郊县":[108.170255,29.291965],"重庆":[106.504962,29.533155],"阿里地区":[80.105498,32.503187],"林芝":[94.362348,29.654693],"那曲":[92.060214,31.476004],"山南":[91.766529,29.236023],"拉萨":[91.132212,29.660361],"昌都":[97.178452,31.136875],"日喀则":[88.885148,29.267519],"淮北":[116.794664,33.971707],"阜阳":[115.819729,32.896969],"马鞍山":[118.507906,31.689362],"铜陵":[117.816576,30.929935],"安庆":[117.043551,30.50883],"亳州":[115.782939,33.869338],"宣城":[118.757995,30.945667],"黄山":[118.317325,29.709239],"滁州":[118.316264,32.303627],"池州":[117.489157,30.656037],"芜湖":[118.376451,31.326319],"六安":[116.507676,31.752889],"合肥":[117.283042,31.86119],"淮南":[117.018329,32.647574],"宿州":[116.984084,33.633891],"蚌埠":[117.363228,32.939667],"福州":[119.306239,26.075302],"宁德":[119.527082,26.65924],"龙岩":[117.02978,25.091603],"南平":[118.178459,26.635627],"厦门":[118.11022,24.490474],"漳州":[117.661801,24.510897],"莆田":[119.007558,25.431011],"泉州":[118.589421,24.908853],"三明":[117.635001,26.265444],"衡阳":[112.607693,26.900358],"益阳":[112.355042,28.570066],"岳阳":[113.132855,29.37029],"娄底":[112.008497,27.728136],"张家界":[110.479921,29.127401],"常德":[111.691347,29.040225],"湘西土家族苗族自治州":[109.739735,28.314296],"怀化":[109.97824,27.550082],"长沙":[112.982279,28.19409],"湘潭":[112.944052,27.82973],"郴州":[113.032067,25.793589],"永州":[111.608019,26.434516],"株洲":[113.151737,27.835806],"邵阳":[111.46923,27.237842],"白沙黎族自治县":[109.452606,19.224584],"琼中黎族苗族自治县":[109.839996,19.03557],"琼海":[110.466785,19.246011],"昌江黎族自治县":[109.053351,19.260968],"屯昌县":[110.102773,19.362916],"东方":[108.653789,19.10198],"定安县":[110.349235,19.684966],"万宁":[110.388793,18.796216],"临高县":[109.687697,19.908293],"五指山":[109.516662,18.776921],"乐东黎族自治县":[109.175444,18.74758],